{"cameraMode":{"drawMode":0,"name":"Shaded","section":"Shading Mode"},"sceneLighting":true,"audioPlay":false,"sceneViewState":{"showFog":true,"showMaterialUpdate":false,"showSkybox":true,"showFlares":true,"showImageEffects":true,"showParticleSystems":true,"showVisualEffectGraphs":true,"m_FxEnabled":true},"in2DMode":false,"pivot":{"x":0.25000739097595217,"y":0.3096788823604584,"z":0.18839281797409059},"rotation":{"x":0.1277572065591812,"y":0.45433756709098818,"z":-0.06602413952350617,"w":0.8791419267654419},"size":0.8660253882408142,"orthographic":false}