{"cameraMode":{"drawMode":0,"name":"Shaded","section":"Shading Mode"},"sceneLighting":true,"audioPlay":false,"sceneViewState":{"showFog":true,"showMaterialUpdate":false,"showSkybox":true,"showFlares":true,"showImageEffects":true,"showParticleSystems":true,"showVisualEffectGraphs":true,"m_FxEnabled":true},"in2DMode":false,"pivot":{"x":510.7782287597656,"y":412.5760498046875,"z":-677.9208374023438},"rotation":{"x":0.07672127336263657,"y":0.01644408516585827,"z":-0.0012754820054396988,"w":0.9968838691711426},"size":7.071067810058594,"orthographic":false}